{
    "name": "Global Information",
    "numberOfRequests": {
        "total": 51600,
        "ok": 51019,
        "ko": 581
    },
    "minResponseTime": {
        "total": 2,
        "ok": 2,
        "ko": 2094
    },
    "maxResponseTime": {
        "total": 11454,
        "ok": 11454,
        "ko": 4713
    },
    "meanResponseTime": {
        "total": 2154,
        "ok": 2149,
        "ko": 2545
    },
    "standardDeviation": {
        "total": 1650,
        "ok": 1659,
        "ko": 223
    },
    "percentiles1": {
        "total": 1842,
        "ok": 1829,
        "ko": 2524
    },
    "percentiles2": {
        "total": 2710,
        "ok": 2717,
        "ko": 2658
    },
    "percentiles3": {
        "total": 5421,
        "ok": 5431,
        "ko": 2835
    },
    "percentiles4": {
        "total": 8141,
        "ok": 8160,
        "ko": 3064
    },
    "group1": {
    "name": "t < 800 ms",
    "count": 9667,
    "percentage": 19
},
    "group2": {
    "name": "800 ms < t < 1200 ms",
    "count": 5586,
    "percentage": 11
},
    "group3": {
    "name": "t > 1200 ms",
    "count": 35766,
    "percentage": 69
},
    "group4": {
    "name": "failed",
    "count": 581,
    "percentage": 1
},
    "meanNumberOfRequestsPerSecond": {
        "total": 1146.6666666666667,
        "ok": 1133.7555555555555,
        "ko": 12.911111111111111
    }
}