{
    "name": "Global Information",
    "numberOfRequests": {
        "total": 13640,
        "ok": 13640,
        "ko": 0
    },
    "minResponseTime": {
        "total": 3,
        "ok": 3,
        "ko": 0
    },
    "maxResponseTime": {
        "total": 1314,
        "ok": 1314,
        "ko": 0
    },
    "meanResponseTime": {
        "total": 418,
        "ok": 418,
        "ko": 0
    },
    "standardDeviation": {
        "total": 257,
        "ok": 257,
        "ko": 0
    },
    "percentiles1": {
        "total": 434,
        "ok": 434,
        "ko": 0
    },
    "percentiles2": {
        "total": 602,
        "ok": 602,
        "ko": 0
    },
    "percentiles3": {
        "total": 839,
        "ok": 839,
        "ko": 0
    },
    "percentiles4": {
        "total": 1000,
        "ok": 1000,
        "ko": 0
    },
    "group1": {
    "name": "t < 800 ms",
    "count": 12662,
    "percentage": 93
},
    "group2": {
    "name": "800 ms < t < 1200 ms",
    "count": 975,
    "percentage": 7
},
    "group3": {
    "name": "t > 1200 ms",
    "count": 3,
    "percentage": 0
},
    "group4": {
    "name": "failed",
    "count": 0,
    "percentage": 0
},
    "meanNumberOfRequestsPerSecond": {
        "total": 284.1666666666667,
        "ok": 284.1666666666667,
        "ko": 0
    }
}