{
  "type": "GROUP",
"name": "Global Information",
"path": "",
"pathFormatted": "group_missing-name-b06d1",
"stats": {
    "name": "Global Information",
    "numberOfRequests": {
        "total": 13640,
        "ok": 13640,
        "ko": 0
    },
    "minResponseTime": {
        "total": 3,
        "ok": 3,
        "ko": 0
    },
    "maxResponseTime": {
        "total": 1314,
        "ok": 1314,
        "ko": 0
    },
    "meanResponseTime": {
        "total": 418,
        "ok": 418,
        "ko": 0
    },
    "standardDeviation": {
        "total": 257,
        "ok": 257,
        "ko": 0
    },
    "percentiles1": {
        "total": 434,
        "ok": 434,
        "ko": 0
    },
    "percentiles2": {
        "total": 602,
        "ok": 602,
        "ko": 0
    },
    "percentiles3": {
        "total": 839,
        "ok": 839,
        "ko": 0
    },
    "percentiles4": {
        "total": 1000,
        "ok": 1000,
        "ko": 0
    },
    "group1": {
    "name": "t < 800 ms",
    "count": 12662,
    "percentage": 93
},
    "group2": {
    "name": "800 ms < t < 1200 ms",
    "count": 975,
    "percentage": 7
},
    "group3": {
    "name": "t > 1200 ms",
    "count": 3,
    "percentage": 0
},
    "group4": {
    "name": "failed",
    "count": 0,
    "percentage": 0
},
    "meanNumberOfRequestsPerSecond": {
        "total": 284.1666666666667,
        "ok": 284.1666666666667,
        "ko": 0
    }
},
"contents": {
"req_insert-player-r-6c82f": {
        "type": "REQUEST",
        "name": "Insert player ranks",
"path": "Insert player ranks",
"pathFormatted": "req_insert-player-r-6c82f",
"stats": {
    "name": "Insert player ranks",
    "numberOfRequests": {
        "total": 20,
        "ok": 20,
        "ko": 0
    },
    "minResponseTime": {
        "total": 6,
        "ok": 6,
        "ko": 0
    },
    "maxResponseTime": {
        "total": 62,
        "ok": 62,
        "ko": 0
    },
    "meanResponseTime": {
        "total": 15,
        "ok": 15,
        "ko": 0
    },
    "standardDeviation": {
        "total": 11,
        "ok": 11,
        "ko": 0
    },
    "percentiles1": {
        "total": 13,
        "ok": 13,
        "ko": 0
    },
    "percentiles2": {
        "total": 15,
        "ok": 15,
        "ko": 0
    },
    "percentiles3": {
        "total": 18,
        "ok": 18,
        "ko": 0
    },
    "percentiles4": {
        "total": 53,
        "ok": 53,
        "ko": 0
    },
    "group1": {
    "name": "t < 800 ms",
    "count": 20,
    "percentage": 100
},
    "group2": {
    "name": "800 ms < t < 1200 ms",
    "count": 0,
    "percentage": 0
},
    "group3": {
    "name": "t > 1200 ms",
    "count": 0,
    "percentage": 0
},
    "group4": {
    "name": "failed",
    "count": 0,
    "percentage": 0
},
    "meanNumberOfRequestsPerSecond": {
        "total": 0.4166666666666667,
        "ok": 0.4166666666666667,
        "ko": 0
    }
}
    },"req_update-scores-221b9": {
        "type": "REQUEST",
        "name": "Update scores",
"path": "Update scores",
"pathFormatted": "req_update-scores-221b9",
"stats": {
    "name": "Update scores",
    "numberOfRequests": {
        "total": 620,
        "ok": 620,
        "ko": 0
    },
    "minResponseTime": {
        "total": 3,
        "ok": 3,
        "ko": 0
    },
    "maxResponseTime": {
        "total": 184,
        "ok": 184,
        "ko": 0
    },
    "meanResponseTime": {
        "total": 61,
        "ok": 61,
        "ko": 0
    },
    "standardDeviation": {
        "total": 43,
        "ok": 43,
        "ko": 0
    },
    "percentiles1": {
        "total": 56,
        "ok": 56,
        "ko": 0
    },
    "percentiles2": {
        "total": 99,
        "ok": 99,
        "ko": 0
    },
    "percentiles3": {
        "total": 131,
        "ok": 131,
        "ko": 0
    },
    "percentiles4": {
        "total": 155,
        "ok": 155,
        "ko": 0
    },
    "group1": {
    "name": "t < 800 ms",
    "count": 620,
    "percentage": 100
},
    "group2": {
    "name": "800 ms < t < 1200 ms",
    "count": 0,
    "percentage": 0
},
    "group3": {
    "name": "t > 1200 ms",
    "count": 0,
    "percentage": 0
},
    "group4": {
    "name": "failed",
    "count": 0,
    "percentage": 0
},
    "meanNumberOfRequestsPerSecond": {
        "total": 12.916666666666666,
        "ok": 12.916666666666666,
        "ko": 0
    }
}
    },"req_get-player-rank-90846": {
        "type": "REQUEST",
        "name": "Get player ranks",
"path": "Get player ranks",
"pathFormatted": "req_get-player-rank-90846",
"stats": {
    "name": "Get player ranks",
    "numberOfRequests": {
        "total": 13000,
        "ok": 13000,
        "ko": 0
    },
    "minResponseTime": {
        "total": 21,
        "ok": 21,
        "ko": 0
    },
    "maxResponseTime": {
        "total": 1314,
        "ok": 1314,
        "ko": 0
    },
    "meanResponseTime": {
        "total": 436,
        "ok": 436,
        "ko": 0
    },
    "standardDeviation": {
        "total": 250,
        "ok": 250,
        "ko": 0
    },
    "percentiles1": {
        "total": 449,
        "ok": 449,
        "ko": 0
    },
    "percentiles2": {
        "total": 611,
        "ok": 611,
        "ko": 0
    },
    "percentiles3": {
        "total": 845,
        "ok": 845,
        "ko": 0
    },
    "percentiles4": {
        "total": 1003,
        "ok": 1003,
        "ko": 0
    },
    "group1": {
    "name": "t < 800 ms",
    "count": 12022,
    "percentage": 92
},
    "group2": {
    "name": "800 ms < t < 1200 ms",
    "count": 975,
    "percentage": 8
},
    "group3": {
    "name": "t > 1200 ms",
    "count": 3,
    "percentage": 0
},
    "group4": {
    "name": "failed",
    "count": 0,
    "percentage": 0
},
    "meanNumberOfRequestsPerSecond": {
        "total": 270.8333333333333,
        "ok": 270.8333333333333,
        "ko": 0
    }
}
    }
}

}