{
    "name": "Global Information",
    "numberOfRequests": {
        "total": 21600,
        "ok": 21600,
        "ko": 0
    },
    "minResponseTime": {
        "total": 3,
        "ok": 3,
        "ko": 0
    },
    "maxResponseTime": {
        "total": 8495,
        "ok": 8495,
        "ko": 0
    },
    "meanResponseTime": {
        "total": 3224,
        "ok": 3224,
        "ko": 0
    },
    "standardDeviation": {
        "total": 2143,
        "ok": 2143,
        "ko": 0
    },
    "percentiles1": {
        "total": 3306,
        "ok": 3306,
        "ko": 0
    },
    "percentiles2": {
        "total": 4925,
        "ok": 4925,
        "ko": 0
    },
    "percentiles3": {
        "total": 6678,
        "ok": 6678,
        "ko": 0
    },
    "percentiles4": {
        "total": 7643,
        "ok": 7643,
        "ko": 0
    },
    "group1": {
    "name": "t < 800 ms",
    "count": 4116,
    "percentage": 19
},
    "group2": {
    "name": "800 ms < t < 1200 ms",
    "count": 953,
    "percentage": 4
},
    "group3": {
    "name": "t > 1200 ms",
    "count": 16531,
    "percentage": 77
},
    "group4": {
    "name": "failed",
    "count": 0,
    "percentage": 0
},
    "meanNumberOfRequestsPerSecond": {
        "total": 459.5744680851064,
        "ok": 459.5744680851064,
        "ko": 0
    }
}