{
  "type": "GROUP",
"name": "Global Information",
"path": "",
"pathFormatted": "group_missing-name-b06d1",
"stats": {
    "name": "Global Information",
    "numberOfRequests": {
        "total": 21600,
        "ok": 21600,
        "ko": 0
    },
    "minResponseTime": {
        "total": 3,
        "ok": 3,
        "ko": 0
    },
    "maxResponseTime": {
        "total": 8495,
        "ok": 8495,
        "ko": 0
    },
    "meanResponseTime": {
        "total": 3224,
        "ok": 3224,
        "ko": 0
    },
    "standardDeviation": {
        "total": 2143,
        "ok": 2143,
        "ko": 0
    },
    "percentiles1": {
        "total": 3306,
        "ok": 3306,
        "ko": 0
    },
    "percentiles2": {
        "total": 4925,
        "ok": 4925,
        "ko": 0
    },
    "percentiles3": {
        "total": 6678,
        "ok": 6678,
        "ko": 0
    },
    "percentiles4": {
        "total": 7643,
        "ok": 7643,
        "ko": 0
    },
    "group1": {
    "name": "t < 800 ms",
    "count": 4116,
    "percentage": 19
},
    "group2": {
    "name": "800 ms < t < 1200 ms",
    "count": 953,
    "percentage": 4
},
    "group3": {
    "name": "t > 1200 ms",
    "count": 16531,
    "percentage": 77
},
    "group4": {
    "name": "failed",
    "count": 0,
    "percentage": 0
},
    "meanNumberOfRequestsPerSecond": {
        "total": 459.5744680851064,
        "ok": 459.5744680851064,
        "ko": 0
    }
},
"contents": {
"req_insert-player-r-6c82f": {
        "type": "REQUEST",
        "name": "Insert player ranks",
"path": "Insert player ranks",
"pathFormatted": "req_insert-player-r-6c82f",
"stats": {
    "name": "Insert player ranks",
    "numberOfRequests": {
        "total": 1000,
        "ok": 1000,
        "ko": 0
    },
    "minResponseTime": {
        "total": 5,
        "ok": 5,
        "ko": 0
    },
    "maxResponseTime": {
        "total": 175,
        "ok": 175,
        "ko": 0
    },
    "meanResponseTime": {
        "total": 26,
        "ok": 26,
        "ko": 0
    },
    "standardDeviation": {
        "total": 26,
        "ok": 26,
        "ko": 0
    },
    "percentiles1": {
        "total": 14,
        "ok": 14,
        "ko": 0
    },
    "percentiles2": {
        "total": 30,
        "ok": 30,
        "ko": 0
    },
    "percentiles3": {
        "total": 81,
        "ok": 81,
        "ko": 0
    },
    "percentiles4": {
        "total": 139,
        "ok": 139,
        "ko": 0
    },
    "group1": {
    "name": "t < 800 ms",
    "count": 1000,
    "percentage": 100
},
    "group2": {
    "name": "800 ms < t < 1200 ms",
    "count": 0,
    "percentage": 0
},
    "group3": {
    "name": "t > 1200 ms",
    "count": 0,
    "percentage": 0
},
    "group4": {
    "name": "failed",
    "count": 0,
    "percentage": 0
},
    "meanNumberOfRequestsPerSecond": {
        "total": 21.27659574468085,
        "ok": 21.27659574468085,
        "ko": 0
    }
}
    },"req_get-player-rank-90846": {
        "type": "REQUEST",
        "name": "Get player ranks",
"path": "Get player ranks",
"pathFormatted": "req_get-player-rank-90846",
"stats": {
    "name": "Get player ranks",
    "numberOfRequests": {
        "total": 20500,
        "ok": 20500,
        "ko": 0
    },
    "minResponseTime": {
        "total": 3,
        "ok": 3,
        "ko": 0
    },
    "maxResponseTime": {
        "total": 8495,
        "ok": 8495,
        "ko": 0
    },
    "meanResponseTime": {
        "total": 3380,
        "ok": 3380,
        "ko": 0
    },
    "standardDeviation": {
        "total": 2071,
        "ok": 2071,
        "ko": 0
    },
    "percentiles1": {
        "total": 3450,
        "ok": 3451,
        "ko": 0
    },
    "percentiles2": {
        "total": 4979,
        "ok": 4979,
        "ko": 0
    },
    "percentiles3": {
        "total": 6731,
        "ok": 6731,
        "ko": 0
    },
    "percentiles4": {
        "total": 7658,
        "ok": 7658,
        "ko": 0
    },
    "group1": {
    "name": "t < 800 ms",
    "count": 3094,
    "percentage": 15
},
    "group2": {
    "name": "800 ms < t < 1200 ms",
    "count": 951,
    "percentage": 5
},
    "group3": {
    "name": "t > 1200 ms",
    "count": 16455,
    "percentage": 80
},
    "group4": {
    "name": "failed",
    "count": 0,
    "percentage": 0
},
    "meanNumberOfRequestsPerSecond": {
        "total": 436.17021276595744,
        "ok": 436.17021276595744,
        "ko": 0
    }
}
    },"req_update-scores-221b9": {
        "type": "REQUEST",
        "name": "Update scores",
"path": "Update scores",
"pathFormatted": "req_update-scores-221b9",
"stats": {
    "name": "Update scores",
    "numberOfRequests": {
        "total": 100,
        "ok": 100,
        "ko": 0
    },
    "minResponseTime": {
        "total": 6,
        "ok": 6,
        "ko": 0
    },
    "maxResponseTime": {
        "total": 8182,
        "ok": 8182,
        "ko": 0
    },
    "meanResponseTime": {
        "total": 3248,
        "ok": 3248,
        "ko": 0
    },
    "standardDeviation": {
        "total": 2351,
        "ok": 2351,
        "ko": 0
    },
    "percentiles1": {
        "total": 3246,
        "ok": 3246,
        "ko": 0
    },
    "percentiles2": {
        "total": 5033,
        "ok": 5033,
        "ko": 0
    },
    "percentiles3": {
        "total": 7468,
        "ok": 7468,
        "ko": 0
    },
    "percentiles4": {
        "total": 7749,
        "ok": 7749,
        "ko": 0
    },
    "group1": {
    "name": "t < 800 ms",
    "count": 22,
    "percentage": 22
},
    "group2": {
    "name": "800 ms < t < 1200 ms",
    "count": 2,
    "percentage": 2
},
    "group3": {
    "name": "t > 1200 ms",
    "count": 76,
    "percentage": 76
},
    "group4": {
    "name": "failed",
    "count": 0,
    "percentage": 0
},
    "meanNumberOfRequestsPerSecond": {
        "total": 2.127659574468085,
        "ok": 2.127659574468085,
        "ko": 0
    }
}
    }
}

}