{
    "name": "Global Information",
    "numberOfRequests": {
        "total": 40700,
        "ok": 40700,
        "ko": 0
    },
    "minResponseTime": {
        "total": 2,
        "ok": 2,
        "ko": 0
    },
    "maxResponseTime": {
        "total": 1037,
        "ok": 1037,
        "ko": 0
    },
    "meanResponseTime": {
        "total": 105,
        "ok": 105,
        "ko": 0
    },
    "standardDeviation": {
        "total": 109,
        "ok": 109,
        "ko": 0
    },
    "percentiles1": {
        "total": 73,
        "ok": 73,
        "ko": 0
    },
    "percentiles2": {
        "total": 138,
        "ok": 138,
        "ko": 0
    },
    "percentiles3": {
        "total": 336,
        "ok": 336,
        "ko": 0
    },
    "percentiles4": {
        "total": 511,
        "ok": 511,
        "ko": 0
    },
    "group1": {
    "name": "t < 800 ms",
    "count": 40682,
    "percentage": 100
},
    "group2": {
    "name": "800 ms < t < 1200 ms",
    "count": 18,
    "percentage": 0
},
    "group3": {
    "name": "t > 1200 ms",
    "count": 0,
    "percentage": 0
},
    "group4": {
    "name": "failed",
    "count": 0,
    "percentage": 0
},
    "meanNumberOfRequestsPerSecond": {
        "total": 1130.5555555555557,
        "ok": 1130.5555555555557,
        "ko": 0
    }
}