{
  "type": "GROUP",
"name": "Global Information",
"path": "",
"pathFormatted": "group_missing-name-b06d1",
"stats": {
    "name": "Global Information",
    "numberOfRequests": {
        "total": 40700,
        "ok": 40700,
        "ko": 0
    },
    "minResponseTime": {
        "total": 2,
        "ok": 2,
        "ko": 0
    },
    "maxResponseTime": {
        "total": 1037,
        "ok": 1037,
        "ko": 0
    },
    "meanResponseTime": {
        "total": 105,
        "ok": 105,
        "ko": 0
    },
    "standardDeviation": {
        "total": 109,
        "ok": 109,
        "ko": 0
    },
    "percentiles1": {
        "total": 73,
        "ok": 73,
        "ko": 0
    },
    "percentiles2": {
        "total": 138,
        "ok": 138,
        "ko": 0
    },
    "percentiles3": {
        "total": 336,
        "ok": 336,
        "ko": 0
    },
    "percentiles4": {
        "total": 511,
        "ok": 511,
        "ko": 0
    },
    "group1": {
    "name": "t < 800 ms",
    "count": 40682,
    "percentage": 100
},
    "group2": {
    "name": "800 ms < t < 1200 ms",
    "count": 18,
    "percentage": 0
},
    "group3": {
    "name": "t > 1200 ms",
    "count": 0,
    "percentage": 0
},
    "group4": {
    "name": "failed",
    "count": 0,
    "percentage": 0
},
    "meanNumberOfRequestsPerSecond": {
        "total": 1130.5555555555557,
        "ok": 1130.5555555555557,
        "ko": 0
    }
},
"contents": {
"req_insert-player-r-6c82f": {
        "type": "REQUEST",
        "name": "Insert player ranks",
"path": "Insert player ranks",
"pathFormatted": "req_insert-player-r-6c82f",
"stats": {
    "name": "Insert player ranks",
    "numberOfRequests": {
        "total": 100,
        "ok": 100,
        "ko": 0
    },
    "minResponseTime": {
        "total": 5,
        "ok": 5,
        "ko": 0
    },
    "maxResponseTime": {
        "total": 242,
        "ok": 242,
        "ko": 0
    },
    "meanResponseTime": {
        "total": 21,
        "ok": 21,
        "ko": 0
    },
    "standardDeviation": {
        "total": 49,
        "ok": 49,
        "ko": 0
    },
    "percentiles1": {
        "total": 6,
        "ok": 6,
        "ko": 0
    },
    "percentiles2": {
        "total": 7,
        "ok": 7,
        "ko": 0
    },
    "percentiles3": {
        "total": 139,
        "ok": 139,
        "ko": 0
    },
    "percentiles4": {
        "total": 238,
        "ok": 238,
        "ko": 0
    },
    "group1": {
    "name": "t < 800 ms",
    "count": 100,
    "percentage": 100
},
    "group2": {
    "name": "800 ms < t < 1200 ms",
    "count": 0,
    "percentage": 0
},
    "group3": {
    "name": "t > 1200 ms",
    "count": 0,
    "percentage": 0
},
    "group4": {
    "name": "failed",
    "count": 0,
    "percentage": 0
},
    "meanNumberOfRequestsPerSecond": {
        "total": 2.7777777777777777,
        "ok": 2.7777777777777777,
        "ko": 0
    }
}
    },"req_get-player-rank-90846": {
        "type": "REQUEST",
        "name": "Get player ranks",
"path": "Get player ranks",
"pathFormatted": "req_get-player-rank-90846",
"stats": {
    "name": "Get player ranks",
    "numberOfRequests": {
        "total": 40500,
        "ok": 40500,
        "ko": 0
    },
    "minResponseTime": {
        "total": 2,
        "ok": 2,
        "ko": 0
    },
    "maxResponseTime": {
        "total": 1037,
        "ok": 1037,
        "ko": 0
    },
    "meanResponseTime": {
        "total": 106,
        "ok": 106,
        "ko": 0
    },
    "standardDeviation": {
        "total": 109,
        "ok": 109,
        "ko": 0
    },
    "percentiles1": {
        "total": 73,
        "ok": 73,
        "ko": 0
    },
    "percentiles2": {
        "total": 138,
        "ok": 138,
        "ko": 0
    },
    "percentiles3": {
        "total": 336,
        "ok": 336,
        "ko": 0
    },
    "percentiles4": {
        "total": 511,
        "ok": 511,
        "ko": 0
    },
    "group1": {
    "name": "t < 800 ms",
    "count": 40482,
    "percentage": 100
},
    "group2": {
    "name": "800 ms < t < 1200 ms",
    "count": 18,
    "percentage": 0
},
    "group3": {
    "name": "t > 1200 ms",
    "count": 0,
    "percentage": 0
},
    "group4": {
    "name": "failed",
    "count": 0,
    "percentage": 0
},
    "meanNumberOfRequestsPerSecond": {
        "total": 1125.0,
        "ok": 1125.0,
        "ko": 0
    }
}
    },"req_update-scores-221b9": {
        "type": "REQUEST",
        "name": "Update scores",
"path": "Update scores",
"pathFormatted": "req_update-scores-221b9",
"stats": {
    "name": "Update scores",
    "numberOfRequests": {
        "total": 100,
        "ok": 100,
        "ko": 0
    },
    "minResponseTime": {
        "total": 3,
        "ok": 3,
        "ko": 0
    },
    "maxResponseTime": {
        "total": 603,
        "ok": 603,
        "ko": 0
    },
    "meanResponseTime": {
        "total": 104,
        "ok": 104,
        "ko": 0
    },
    "standardDeviation": {
        "total": 102,
        "ok": 102,
        "ko": 0
    },
    "percentiles1": {
        "total": 80,
        "ok": 80,
        "ko": 0
    },
    "percentiles2": {
        "total": 132,
        "ok": 132,
        "ko": 0
    },
    "percentiles3": {
        "total": 317,
        "ok": 317,
        "ko": 0
    },
    "percentiles4": {
        "total": 444,
        "ok": 444,
        "ko": 0
    },
    "group1": {
    "name": "t < 800 ms",
    "count": 100,
    "percentage": 100
},
    "group2": {
    "name": "800 ms < t < 1200 ms",
    "count": 0,
    "percentage": 0
},
    "group3": {
    "name": "t > 1200 ms",
    "count": 0,
    "percentage": 0
},
    "group4": {
    "name": "failed",
    "count": 0,
    "percentage": 0
},
    "meanNumberOfRequestsPerSecond": {
        "total": 2.7777777777777777,
        "ok": 2.7777777777777777,
        "ko": 0
    }
}
    }
}

}