{
    "name": "Global Information",
    "numberOfRequests": {
        "total": 40900,
        "ok": 40900,
        "ko": 0
    },
    "minResponseTime": {
        "total": 2,
        "ok": 2,
        "ko": 0
    },
    "maxResponseTime": {
        "total": 5182,
        "ok": 5182,
        "ko": 0
    },
    "meanResponseTime": {
        "total": 1460,
        "ok": 1460,
        "ko": 0
    },
    "standardDeviation": {
        "total": 1208,
        "ok": 1208,
        "ko": 0
    },
    "percentiles1": {
        "total": 1423,
        "ok": 1424,
        "ko": 0
    },
    "percentiles2": {
        "total": 2439,
        "ok": 2439,
        "ko": 0
    },
    "percentiles3": {
        "total": 3486,
        "ok": 3486,
        "ko": 0
    },
    "percentiles4": {
        "total": 4198,
        "ok": 4198,
        "ko": 0
    },
    "group1": {
    "name": "t < 800 ms",
    "count": 15858,
    "percentage": 39
},
    "group2": {
    "name": "800 ms < t < 1200 ms",
    "count": 2922,
    "percentage": 7
},
    "group3": {
    "name": "t > 1200 ms",
    "count": 22120,
    "percentage": 54
},
    "group4": {
    "name": "failed",
    "count": 0,
    "percentage": 0
},
    "meanNumberOfRequestsPerSecond": {
        "total": 951.1627906976744,
        "ok": 951.1627906976744,
        "ko": 0
    }
}