{
  "type": "GROUP",
"name": "Global Information",
"path": "",
"pathFormatted": "group_missing-name-b06d1",
"stats": {
    "name": "Global Information",
    "numberOfRequests": {
        "total": 40900,
        "ok": 40900,
        "ko": 0
    },
    "minResponseTime": {
        "total": 2,
        "ok": 2,
        "ko": 0
    },
    "maxResponseTime": {
        "total": 5182,
        "ok": 5182,
        "ko": 0
    },
    "meanResponseTime": {
        "total": 1460,
        "ok": 1460,
        "ko": 0
    },
    "standardDeviation": {
        "total": 1208,
        "ok": 1208,
        "ko": 0
    },
    "percentiles1": {
        "total": 1423,
        "ok": 1424,
        "ko": 0
    },
    "percentiles2": {
        "total": 2439,
        "ok": 2439,
        "ko": 0
    },
    "percentiles3": {
        "total": 3486,
        "ok": 3486,
        "ko": 0
    },
    "percentiles4": {
        "total": 4198,
        "ok": 4198,
        "ko": 0
    },
    "group1": {
    "name": "t < 800 ms",
    "count": 15858,
    "percentage": 39
},
    "group2": {
    "name": "800 ms < t < 1200 ms",
    "count": 2922,
    "percentage": 7
},
    "group3": {
    "name": "t > 1200 ms",
    "count": 22120,
    "percentage": 54
},
    "group4": {
    "name": "failed",
    "count": 0,
    "percentage": 0
},
    "meanNumberOfRequestsPerSecond": {
        "total": 951.1627906976744,
        "ok": 951.1627906976744,
        "ko": 0
    }
},
"contents": {
"req_insert-player-r-6c82f": {
        "type": "REQUEST",
        "name": "Insert player ranks",
"path": "Insert player ranks",
"pathFormatted": "req_insert-player-r-6c82f",
"stats": {
    "name": "Insert player ranks",
    "numberOfRequests": {
        "total": 300,
        "ok": 300,
        "ko": 0
    },
    "minResponseTime": {
        "total": 4,
        "ok": 4,
        "ko": 0
    },
    "maxResponseTime": {
        "total": 248,
        "ok": 248,
        "ko": 0
    },
    "meanResponseTime": {
        "total": 14,
        "ok": 14,
        "ko": 0
    },
    "standardDeviation": {
        "total": 33,
        "ok": 33,
        "ko": 0
    },
    "percentiles1": {
        "total": 5,
        "ok": 5,
        "ko": 0
    },
    "percentiles2": {
        "total": 6,
        "ok": 6,
        "ko": 0
    },
    "percentiles3": {
        "total": 77,
        "ok": 77,
        "ko": 0
    },
    "percentiles4": {
        "total": 180,
        "ok": 180,
        "ko": 0
    },
    "group1": {
    "name": "t < 800 ms",
    "count": 300,
    "percentage": 100
},
    "group2": {
    "name": "800 ms < t < 1200 ms",
    "count": 0,
    "percentage": 0
},
    "group3": {
    "name": "t > 1200 ms",
    "count": 0,
    "percentage": 0
},
    "group4": {
    "name": "failed",
    "count": 0,
    "percentage": 0
},
    "meanNumberOfRequestsPerSecond": {
        "total": 6.976744186046512,
        "ok": 6.976744186046512,
        "ko": 0
    }
}
    },"req_get-player-rank-90846": {
        "type": "REQUEST",
        "name": "Get player ranks",
"path": "Get player ranks",
"pathFormatted": "req_get-player-rank-90846",
"stats": {
    "name": "Get player ranks",
    "numberOfRequests": {
        "total": 40500,
        "ok": 40500,
        "ko": 0
    },
    "minResponseTime": {
        "total": 2,
        "ok": 2,
        "ko": 0
    },
    "maxResponseTime": {
        "total": 5182,
        "ok": 5182,
        "ko": 0
    },
    "meanResponseTime": {
        "total": 1471,
        "ok": 1471,
        "ko": 0
    },
    "standardDeviation": {
        "total": 1205,
        "ok": 1205,
        "ko": 0
    },
    "percentiles1": {
        "total": 1441,
        "ok": 1441,
        "ko": 0
    },
    "percentiles2": {
        "total": 2445,
        "ok": 2445,
        "ko": 0
    },
    "percentiles3": {
        "total": 3488,
        "ok": 3488,
        "ko": 0
    },
    "percentiles4": {
        "total": 4199,
        "ok": 4199,
        "ko": 0
    },
    "group1": {
    "name": "t < 800 ms",
    "count": 15510,
    "percentage": 38
},
    "group2": {
    "name": "800 ms < t < 1200 ms",
    "count": 2913,
    "percentage": 7
},
    "group3": {
    "name": "t > 1200 ms",
    "count": 22077,
    "percentage": 55
},
    "group4": {
    "name": "failed",
    "count": 0,
    "percentage": 0
},
    "meanNumberOfRequestsPerSecond": {
        "total": 941.8604651162791,
        "ok": 941.8604651162791,
        "ko": 0
    }
}
    },"req_update-scores-221b9": {
        "type": "REQUEST",
        "name": "Update scores",
"path": "Update scores",
"pathFormatted": "req_update-scores-221b9",
"stats": {
    "name": "Update scores",
    "numberOfRequests": {
        "total": 100,
        "ok": 100,
        "ko": 0
    },
    "minResponseTime": {
        "total": 7,
        "ok": 7,
        "ko": 0
    },
    "maxResponseTime": {
        "total": 4427,
        "ok": 4427,
        "ko": 0
    },
    "meanResponseTime": {
        "total": 1361,
        "ok": 1361,
        "ko": 0
    },
    "standardDeviation": {
        "total": 1304,
        "ok": 1304,
        "ko": 0
    },
    "percentiles1": {
        "total": 822,
        "ok": 822,
        "ko": 0
    },
    "percentiles2": {
        "total": 2576,
        "ok": 2576,
        "ko": 0
    },
    "percentiles3": {
        "total": 3640,
        "ok": 3640,
        "ko": 0
    },
    "percentiles4": {
        "total": 4327,
        "ok": 4327,
        "ko": 0
    },
    "group1": {
    "name": "t < 800 ms",
    "count": 48,
    "percentage": 48
},
    "group2": {
    "name": "800 ms < t < 1200 ms",
    "count": 9,
    "percentage": 9
},
    "group3": {
    "name": "t > 1200 ms",
    "count": 43,
    "percentage": 43
},
    "group4": {
    "name": "failed",
    "count": 0,
    "percentage": 0
},
    "meanNumberOfRequestsPerSecond": {
        "total": 2.3255813953488373,
        "ok": 2.3255813953488373,
        "ko": 0
    }
}
    }
}

}