{
    "name": "Global Information",
    "numberOfRequests": {
        "total": 40700,
        "ok": 40700,
        "ko": 0
    },
    "minResponseTime": {
        "total": 2,
        "ok": 2,
        "ko": 0
    },
    "maxResponseTime": {
        "total": 1391,
        "ok": 1391,
        "ko": 0
    },
    "meanResponseTime": {
        "total": 425,
        "ok": 425,
        "ko": 0
    },
    "standardDeviation": {
        "total": 302,
        "ok": 302,
        "ko": 0
    },
    "percentiles1": {
        "total": 392,
        "ok": 392,
        "ko": 0
    },
    "percentiles2": {
        "total": 633,
        "ok": 633,
        "ko": 0
    },
    "percentiles3": {
        "total": 971,
        "ok": 971,
        "ko": 0
    },
    "percentiles4": {
        "total": 1135,
        "ok": 1135,
        "ko": 0
    },
    "group1": {
    "name": "t < 800 ms",
    "count": 35131,
    "percentage": 86
},
    "group2": {
    "name": "800 ms < t < 1200 ms",
    "count": 5434,
    "percentage": 13
},
    "group3": {
    "name": "t > 1200 ms",
    "count": 135,
    "percentage": 0
},
    "group4": {
    "name": "failed",
    "count": 0,
    "percentage": 0
},
    "meanNumberOfRequestsPerSecond": {
        "total": 1197.0588235294117,
        "ok": 1197.0588235294117,
        "ko": 0
    }
}