{
  "type": "GROUP",
"name": "Global Information",
"path": "",
"pathFormatted": "group_missing-name-b06d1",
"stats": {
    "name": "Global Information",
    "numberOfRequests": {
        "total": 40700,
        "ok": 40700,
        "ko": 0
    },
    "minResponseTime": {
        "total": 2,
        "ok": 2,
        "ko": 0
    },
    "maxResponseTime": {
        "total": 1391,
        "ok": 1391,
        "ko": 0
    },
    "meanResponseTime": {
        "total": 425,
        "ok": 425,
        "ko": 0
    },
    "standardDeviation": {
        "total": 302,
        "ok": 302,
        "ko": 0
    },
    "percentiles1": {
        "total": 392,
        "ok": 392,
        "ko": 0
    },
    "percentiles2": {
        "total": 633,
        "ok": 633,
        "ko": 0
    },
    "percentiles3": {
        "total": 971,
        "ok": 971,
        "ko": 0
    },
    "percentiles4": {
        "total": 1135,
        "ok": 1135,
        "ko": 0
    },
    "group1": {
    "name": "t < 800 ms",
    "count": 35131,
    "percentage": 86
},
    "group2": {
    "name": "800 ms < t < 1200 ms",
    "count": 5434,
    "percentage": 13
},
    "group3": {
    "name": "t > 1200 ms",
    "count": 135,
    "percentage": 0
},
    "group4": {
    "name": "failed",
    "count": 0,
    "percentage": 0
},
    "meanNumberOfRequestsPerSecond": {
        "total": 1197.0588235294117,
        "ok": 1197.0588235294117,
        "ko": 0
    }
},
"contents": {
"req_insert-player-r-6c82f": {
        "type": "REQUEST",
        "name": "Insert player ranks",
"path": "Insert player ranks",
"pathFormatted": "req_insert-player-r-6c82f",
"stats": {
    "name": "Insert player ranks",
    "numberOfRequests": {
        "total": 100,
        "ok": 100,
        "ko": 0
    },
    "minResponseTime": {
        "total": 5,
        "ok": 5,
        "ko": 0
    },
    "maxResponseTime": {
        "total": 253,
        "ok": 253,
        "ko": 0
    },
    "meanResponseTime": {
        "total": 23,
        "ok": 23,
        "ko": 0
    },
    "standardDeviation": {
        "total": 52,
        "ok": 52,
        "ko": 0
    },
    "percentiles1": {
        "total": 7,
        "ok": 7,
        "ko": 0
    },
    "percentiles2": {
        "total": 7,
        "ok": 7,
        "ko": 0
    },
    "percentiles3": {
        "total": 151,
        "ok": 151,
        "ko": 0
    },
    "percentiles4": {
        "total": 252,
        "ok": 252,
        "ko": 0
    },
    "group1": {
    "name": "t < 800 ms",
    "count": 100,
    "percentage": 100
},
    "group2": {
    "name": "800 ms < t < 1200 ms",
    "count": 0,
    "percentage": 0
},
    "group3": {
    "name": "t > 1200 ms",
    "count": 0,
    "percentage": 0
},
    "group4": {
    "name": "failed",
    "count": 0,
    "percentage": 0
},
    "meanNumberOfRequestsPerSecond": {
        "total": 2.9411764705882355,
        "ok": 2.9411764705882355,
        "ko": 0
    }
}
    },"req_get-player-rank-90846": {
        "type": "REQUEST",
        "name": "Get player ranks",
"path": "Get player ranks",
"pathFormatted": "req_get-player-rank-90846",
"stats": {
    "name": "Get player ranks",
    "numberOfRequests": {
        "total": 40500,
        "ok": 40500,
        "ko": 0
    },
    "minResponseTime": {
        "total": 2,
        "ok": 2,
        "ko": 0
    },
    "maxResponseTime": {
        "total": 1391,
        "ok": 1391,
        "ko": 0
    },
    "meanResponseTime": {
        "total": 426,
        "ok": 426,
        "ko": 0
    },
    "standardDeviation": {
        "total": 301,
        "ok": 301,
        "ko": 0
    },
    "percentiles1": {
        "total": 393,
        "ok": 393,
        "ko": 0
    },
    "percentiles2": {
        "total": 633,
        "ok": 633,
        "ko": 0
    },
    "percentiles3": {
        "total": 971,
        "ok": 971,
        "ko": 0
    },
    "percentiles4": {
        "total": 1135,
        "ok": 1135,
        "ko": 0
    },
    "group1": {
    "name": "t < 800 ms",
    "count": 34949,
    "percentage": 86
},
    "group2": {
    "name": "800 ms < t < 1200 ms",
    "count": 5416,
    "percentage": 13
},
    "group3": {
    "name": "t > 1200 ms",
    "count": 135,
    "percentage": 0
},
    "group4": {
    "name": "failed",
    "count": 0,
    "percentage": 0
},
    "meanNumberOfRequestsPerSecond": {
        "total": 1191.1764705882354,
        "ok": 1191.1764705882354,
        "ko": 0
    }
}
    },"req_update-scores-221b9": {
        "type": "REQUEST",
        "name": "Update scores",
"path": "Update scores",
"pathFormatted": "req_update-scores-221b9",
"stats": {
    "name": "Update scores",
    "numberOfRequests": {
        "total": 100,
        "ok": 100,
        "ko": 0
    },
    "minResponseTime": {
        "total": 3,
        "ok": 3,
        "ko": 0
    },
    "maxResponseTime": {
        "total": 1182,
        "ok": 1182,
        "ko": 0
    },
    "meanResponseTime": {
        "total": 452,
        "ok": 452,
        "ko": 0
    },
    "standardDeviation": {
        "total": 308,
        "ok": 308,
        "ko": 0
    },
    "percentiles1": {
        "total": 469,
        "ok": 469,
        "ko": 0
    },
    "percentiles2": {
        "total": 709,
        "ok": 709,
        "ko": 0
    },
    "percentiles3": {
        "total": 916,
        "ok": 916,
        "ko": 0
    },
    "percentiles4": {
        "total": 987,
        "ok": 987,
        "ko": 0
    },
    "group1": {
    "name": "t < 800 ms",
    "count": 82,
    "percentage": 82
},
    "group2": {
    "name": "800 ms < t < 1200 ms",
    "count": 18,
    "percentage": 18
},
    "group3": {
    "name": "t > 1200 ms",
    "count": 0,
    "percentage": 0
},
    "group4": {
    "name": "failed",
    "count": 0,
    "percentage": 0
},
    "meanNumberOfRequestsPerSecond": {
        "total": 2.9411764705882355,
        "ok": 2.9411764705882355,
        "ko": 0
    }
}
    }
}

}