{
    "name": "Global Information",
    "numberOfRequests": {
        "total": 6720,
        "ok": 6720,
        "ko": 0
    },
    "minResponseTime": {
        "total": 2,
        "ok": 2,
        "ko": 0
    },
    "maxResponseTime": {
        "total": 2618,
        "ok": 2618,
        "ko": 0
    },
    "meanResponseTime": {
        "total": 140,
        "ok": 140,
        "ko": 0
    },
    "standardDeviation": {
        "total": 378,
        "ok": 378,
        "ko": 0
    },
    "percentiles1": {
        "total": 4,
        "ok": 4,
        "ko": 0
    },
    "percentiles2": {
        "total": 5,
        "ok": 5,
        "ko": 0
    },
    "percentiles3": {
        "total": 1114,
        "ok": 1114,
        "ko": 0
    },
    "percentiles4": {
        "total": 1756,
        "ok": 1756,
        "ko": 0
    },
    "group1": {
    "name": "t < 800 ms",
    "count": 6238,
    "percentage": 93
},
    "group2": {
    "name": "800 ms < t < 1200 ms",
    "count": 188,
    "percentage": 3
},
    "group3": {
    "name": "t > 1200 ms",
    "count": 294,
    "percentage": 4
},
    "group4": {
    "name": "failed",
    "count": 0,
    "percentage": 0
},
    "meanNumberOfRequestsPerSecond": {
        "total": 181.6216216216216,
        "ok": 181.6216216216216,
        "ko": 0
    }
}