{
  "type": "GROUP",
"name": "Global Information",
"path": "",
"pathFormatted": "group_missing-name-b06d1",
"stats": {
    "name": "Global Information",
    "numberOfRequests": {
        "total": 6720,
        "ok": 6720,
        "ko": 0
    },
    "minResponseTime": {
        "total": 2,
        "ok": 2,
        "ko": 0
    },
    "maxResponseTime": {
        "total": 2618,
        "ok": 2618,
        "ko": 0
    },
    "meanResponseTime": {
        "total": 140,
        "ok": 140,
        "ko": 0
    },
    "standardDeviation": {
        "total": 378,
        "ok": 378,
        "ko": 0
    },
    "percentiles1": {
        "total": 4,
        "ok": 4,
        "ko": 0
    },
    "percentiles2": {
        "total": 5,
        "ok": 5,
        "ko": 0
    },
    "percentiles3": {
        "total": 1114,
        "ok": 1114,
        "ko": 0
    },
    "percentiles4": {
        "total": 1756,
        "ok": 1756,
        "ko": 0
    },
    "group1": {
    "name": "t < 800 ms",
    "count": 6238,
    "percentage": 93
},
    "group2": {
    "name": "800 ms < t < 1200 ms",
    "count": 188,
    "percentage": 3
},
    "group3": {
    "name": "t > 1200 ms",
    "count": 294,
    "percentage": 4
},
    "group4": {
    "name": "failed",
    "count": 0,
    "percentage": 0
},
    "meanNumberOfRequestsPerSecond": {
        "total": 181.6216216216216,
        "ok": 181.6216216216216,
        "ko": 0
    }
},
"contents": {
"req_insert-player-r-6c82f": {
        "type": "REQUEST",
        "name": "Insert player ranks",
"path": "Insert player ranks",
"pathFormatted": "req_insert-player-r-6c82f",
"stats": {
    "name": "Insert player ranks",
    "numberOfRequests": {
        "total": 1000,
        "ok": 1000,
        "ko": 0
    },
    "minResponseTime": {
        "total": 114,
        "ok": 114,
        "ko": 0
    },
    "maxResponseTime": {
        "total": 2618,
        "ok": 2618,
        "ko": 0
    },
    "meanResponseTime": {
        "total": 907,
        "ok": 907,
        "ko": 0
    },
    "standardDeviation": {
        "total": 517,
        "ok": 517,
        "ko": 0
    },
    "percentiles1": {
        "total": 772,
        "ok": 772,
        "ko": 0
    },
    "percentiles2": {
        "total": 1298,
        "ok": 1298,
        "ko": 0
    },
    "percentiles3": {
        "total": 1811,
        "ok": 1811,
        "ko": 0
    },
    "percentiles4": {
        "total": 2134,
        "ok": 2134,
        "ko": 0
    },
    "group1": {
    "name": "t < 800 ms",
    "count": 518,
    "percentage": 52
},
    "group2": {
    "name": "800 ms < t < 1200 ms",
    "count": 188,
    "percentage": 19
},
    "group3": {
    "name": "t > 1200 ms",
    "count": 294,
    "percentage": 29
},
    "group4": {
    "name": "failed",
    "count": 0,
    "percentage": 0
},
    "meanNumberOfRequestsPerSecond": {
        "total": 27.027027027027028,
        "ok": 27.027027027027028,
        "ko": 0
    }
}
    },"req_get-player-rank-90846": {
        "type": "REQUEST",
        "name": "Get player ranks",
"path": "Get player ranks",
"pathFormatted": "req_get-player-rank-90846",
"stats": {
    "name": "Get player ranks",
    "numberOfRequests": {
        "total": 5500,
        "ok": 5500,
        "ko": 0
    },
    "minResponseTime": {
        "total": 2,
        "ok": 2,
        "ko": 0
    },
    "maxResponseTime": {
        "total": 130,
        "ok": 130,
        "ko": 0
    },
    "meanResponseTime": {
        "total": 5,
        "ok": 5,
        "ko": 0
    },
    "standardDeviation": {
        "total": 11,
        "ok": 11,
        "ko": 0
    },
    "percentiles1": {
        "total": 4,
        "ok": 4,
        "ko": 0
    },
    "percentiles2": {
        "total": 4,
        "ok": 4,
        "ko": 0
    },
    "percentiles3": {
        "total": 6,
        "ok": 6,
        "ko": 0
    },
    "percentiles4": {
        "total": 82,
        "ok": 82,
        "ko": 0
    },
    "group1": {
    "name": "t < 800 ms",
    "count": 5500,
    "percentage": 100
},
    "group2": {
    "name": "800 ms < t < 1200 ms",
    "count": 0,
    "percentage": 0
},
    "group3": {
    "name": "t > 1200 ms",
    "count": 0,
    "percentage": 0
},
    "group4": {
    "name": "failed",
    "count": 0,
    "percentage": 0
},
    "meanNumberOfRequestsPerSecond": {
        "total": 148.64864864864865,
        "ok": 148.64864864864865,
        "ko": 0
    }
}
    },"req_update-scores-221b9": {
        "type": "REQUEST",
        "name": "Update scores",
"path": "Update scores",
"pathFormatted": "req_update-scores-221b9",
"stats": {
    "name": "Update scores",
    "numberOfRequests": {
        "total": 220,
        "ok": 220,
        "ko": 0
    },
    "minResponseTime": {
        "total": 4,
        "ok": 4,
        "ko": 0
    },
    "maxResponseTime": {
        "total": 126,
        "ok": 126,
        "ko": 0
    },
    "meanResponseTime": {
        "total": 12,
        "ok": 12,
        "ko": 0
    },
    "standardDeviation": {
        "total": 22,
        "ok": 22,
        "ko": 0
    },
    "percentiles1": {
        "total": 7,
        "ok": 7,
        "ko": 0
    },
    "percentiles2": {
        "total": 8,
        "ok": 8,
        "ko": 0
    },
    "percentiles3": {
        "total": 16,
        "ok": 16,
        "ko": 0
    },
    "percentiles4": {
        "total": 119,
        "ok": 119,
        "ko": 0
    },
    "group1": {
    "name": "t < 800 ms",
    "count": 220,
    "percentage": 100
},
    "group2": {
    "name": "800 ms < t < 1200 ms",
    "count": 0,
    "percentage": 0
},
    "group3": {
    "name": "t > 1200 ms",
    "count": 0,
    "percentage": 0
},
    "group4": {
    "name": "failed",
    "count": 0,
    "percentage": 0
},
    "meanNumberOfRequestsPerSecond": {
        "total": 5.945945945945946,
        "ok": 5.945945945945946,
        "ko": 0
    }
}
    }
}

}