{
    "name": "Global Information",
    "numberOfRequests": {
        "total": 51020,
        "ok": 51020,
        "ko": 0
    },
    "minResponseTime": {
        "total": 2,
        "ok": 2,
        "ko": 0
    },
    "maxResponseTime": {
        "total": 4101,
        "ok": 4101,
        "ko": 0
    },
    "meanResponseTime": {
        "total": 1560,
        "ok": 1560,
        "ko": 0
    },
    "standardDeviation": {
        "total": 911,
        "ok": 911,
        "ko": 0
    },
    "percentiles1": {
        "total": 1542,
        "ok": 1542,
        "ko": 0
    },
    "percentiles2": {
        "total": 2298,
        "ok": 2298,
        "ko": 0
    },
    "percentiles3": {
        "total": 2969,
        "ok": 2969,
        "ko": 0
    },
    "percentiles4": {
        "total": 3602,
        "ok": 3601,
        "ko": 0
    },
    "group1": {
    "name": "t < 800 ms",
    "count": 10722,
    "percentage": 21
},
    "group2": {
    "name": "800 ms < t < 1200 ms",
    "count": 7008,
    "percentage": 14
},
    "group3": {
    "name": "t > 1200 ms",
    "count": 33290,
    "percentage": 65
},
    "group4": {
    "name": "failed",
    "count": 0,
    "percentage": 0
},
    "meanNumberOfRequestsPerSecond": {
        "total": 1308.2051282051282,
        "ok": 1308.2051282051282,
        "ko": 0
    }
}