{
  "type": "GROUP",
"name": "Global Information",
"path": "",
"pathFormatted": "group_missing-name-b06d1",
"stats": {
    "name": "Global Information",
    "numberOfRequests": {
        "total": 51020,
        "ok": 51020,
        "ko": 0
    },
    "minResponseTime": {
        "total": 2,
        "ok": 2,
        "ko": 0
    },
    "maxResponseTime": {
        "total": 4101,
        "ok": 4101,
        "ko": 0
    },
    "meanResponseTime": {
        "total": 1560,
        "ok": 1560,
        "ko": 0
    },
    "standardDeviation": {
        "total": 911,
        "ok": 911,
        "ko": 0
    },
    "percentiles1": {
        "total": 1542,
        "ok": 1542,
        "ko": 0
    },
    "percentiles2": {
        "total": 2298,
        "ok": 2298,
        "ko": 0
    },
    "percentiles3": {
        "total": 2969,
        "ok": 2969,
        "ko": 0
    },
    "percentiles4": {
        "total": 3602,
        "ok": 3601,
        "ko": 0
    },
    "group1": {
    "name": "t < 800 ms",
    "count": 10722,
    "percentage": 21
},
    "group2": {
    "name": "800 ms < t < 1200 ms",
    "count": 7008,
    "percentage": 14
},
    "group3": {
    "name": "t > 1200 ms",
    "count": 33290,
    "percentage": 65
},
    "group4": {
    "name": "failed",
    "count": 0,
    "percentage": 0
},
    "meanNumberOfRequestsPerSecond": {
        "total": 1308.2051282051282,
        "ok": 1308.2051282051282,
        "ko": 0
    }
},
"contents": {
"req_insert-player-r-6c82f": {
        "type": "REQUEST",
        "name": "Insert player ranks",
"path": "Insert player ranks",
"pathFormatted": "req_insert-player-r-6c82f",
"stats": {
    "name": "Insert player ranks",
    "numberOfRequests": {
        "total": 300,
        "ok": 300,
        "ko": 0
    },
    "minResponseTime": {
        "total": 5,
        "ok": 5,
        "ko": 0
    },
    "maxResponseTime": {
        "total": 375,
        "ok": 375,
        "ko": 0
    },
    "meanResponseTime": {
        "total": 26,
        "ok": 26,
        "ko": 0
    },
    "standardDeviation": {
        "total": 58,
        "ok": 58,
        "ko": 0
    },
    "percentiles1": {
        "total": 7,
        "ok": 7,
        "ko": 0
    },
    "percentiles2": {
        "total": 8,
        "ok": 8,
        "ko": 0
    },
    "percentiles3": {
        "total": 161,
        "ok": 161,
        "ko": 0
    },
    "percentiles4": {
        "total": 260,
        "ok": 260,
        "ko": 0
    },
    "group1": {
    "name": "t < 800 ms",
    "count": 300,
    "percentage": 100
},
    "group2": {
    "name": "800 ms < t < 1200 ms",
    "count": 0,
    "percentage": 0
},
    "group3": {
    "name": "t > 1200 ms",
    "count": 0,
    "percentage": 0
},
    "group4": {
    "name": "failed",
    "count": 0,
    "percentage": 0
},
    "meanNumberOfRequestsPerSecond": {
        "total": 7.6923076923076925,
        "ok": 7.6923076923076925,
        "ko": 0
    }
}
    },"req_get-player-rank-90846": {
        "type": "REQUEST",
        "name": "Get player ranks",
"path": "Get player ranks",
"pathFormatted": "req_get-player-rank-90846",
"stats": {
    "name": "Get player ranks",
    "numberOfRequests": {
        "total": 50500,
        "ok": 50500,
        "ko": 0
    },
    "minResponseTime": {
        "total": 2,
        "ok": 2,
        "ko": 0
    },
    "maxResponseTime": {
        "total": 4101,
        "ok": 4101,
        "ko": 0
    },
    "meanResponseTime": {
        "total": 1569,
        "ok": 1569,
        "ko": 0
    },
    "standardDeviation": {
        "total": 906,
        "ok": 906,
        "ko": 0
    },
    "percentiles1": {
        "total": 1549,
        "ok": 1549,
        "ko": 0
    },
    "percentiles2": {
        "total": 2303,
        "ok": 2304,
        "ko": 0
    },
    "percentiles3": {
        "total": 2969,
        "ok": 2969,
        "ko": 0
    },
    "percentiles4": {
        "total": 3602,
        "ok": 3604,
        "ko": 0
    },
    "group1": {
    "name": "t < 800 ms",
    "count": 10375,
    "percentage": 21
},
    "group2": {
    "name": "800 ms < t < 1200 ms",
    "count": 6981,
    "percentage": 14
},
    "group3": {
    "name": "t > 1200 ms",
    "count": 33144,
    "percentage": 66
},
    "group4": {
    "name": "failed",
    "count": 0,
    "percentage": 0
},
    "meanNumberOfRequestsPerSecond": {
        "total": 1294.871794871795,
        "ok": 1294.871794871795,
        "ko": 0
    }
}
    },"req_update-scores-221b9": {
        "type": "REQUEST",
        "name": "Update scores",
"path": "Update scores",
"pathFormatted": "req_update-scores-221b9",
"stats": {
    "name": "Update scores",
    "numberOfRequests": {
        "total": 220,
        "ok": 220,
        "ko": 0
    },
    "minResponseTime": {
        "total": 7,
        "ok": 7,
        "ko": 0
    },
    "maxResponseTime": {
        "total": 3932,
        "ok": 3932,
        "ko": 0
    },
    "meanResponseTime": {
        "total": 1593,
        "ok": 1593,
        "ko": 0
    },
    "standardDeviation": {
        "total": 938,
        "ok": 938,
        "ko": 0
    },
    "percentiles1": {
        "total": 1583,
        "ok": 1583,
        "ko": 0
    },
    "percentiles2": {
        "total": 2306,
        "ok": 2306,
        "ko": 0
    },
    "percentiles3": {
        "total": 3061,
        "ok": 3061,
        "ko": 0
    },
    "percentiles4": {
        "total": 3623,
        "ok": 3623,
        "ko": 0
    },
    "group1": {
    "name": "t < 800 ms",
    "count": 47,
    "percentage": 21
},
    "group2": {
    "name": "800 ms < t < 1200 ms",
    "count": 27,
    "percentage": 12
},
    "group3": {
    "name": "t > 1200 ms",
    "count": 146,
    "percentage": 66
},
    "group4": {
    "name": "failed",
    "count": 0,
    "percentage": 0
},
    "meanNumberOfRequestsPerSecond": {
        "total": 5.641025641025641,
        "ok": 5.641025641025641,
        "ko": 0
    }
}
    }
}

}